rn,itag,clen,,rn,itag,clen,,rn,itag,clen
0,251,35301929,,10,244,179881284,,20,251,35301929
1,244,179881284,,11,251,35301929,,21,244,179881284
2,244,179881284,,12,251,35301929,,22,251,35301929
3,251,35301929,,13,251,35301929,,23,244,179881284
4,244,179881284,,14,244,179881284,,24,251,35301929
5,251,35301929,,15,251,35301929,,25,244,179881284
6,251,35301929,,16,251,35301929,,26,251,35301929
7,244,179881284,,17,244,179881284,,27,244,179881284
8,251,35301929,,18,251,35301929,,28,251,35301929
9,251,35301929,,19,244,179881284,,29,244,179881284
